JEUX & JOUETS,Jeux de Plein Air,Jeux de Tir,Set de 2 Toupie BATTLE BLADE Pour Garçon Avec Piste,9.000 TND
JEUX & JOUETS,Jeux de Plein Air,Jeux de Tir,Set de 2 Toupie BATTLE BLADE Pour Garçon Avec Piste,35.000 TND
JEUX & JOUETS,Jeux de Plein Air,Jeux de Tir,Toupie En Blister,9.000 TND
JEUX & JOUETS,Jeux de Plein Air,Jeux de Tir,Toupie En Blister,35.000 TND
JEUX & JOUETS,Jeux de Plein Air,Jeux de Tir,Battle Blade Metal Death Pour Garçon - Violet,15.000 TND
JEUX & JOUETS,Jeux de Plein Air,Jeux de Tir,Battle Blade Metal Death Pour Garçon - Violet,15.000 TND
JEUX & JOUETS,Jeux de Plein Air,Jeux de Tir,Jouet Beyblade Battle Pour Enfants - Vert,15.000 TND
JEUX & JOUETS,Jeux de Plein Air,Jeux de Tir,Jouet Beyblade Battle Pour Enfants - Vert,15.000 TND
JEUX & JOUETS,Jeux de Plein Air,Jeux de Tir,Battle Blade Metal Triumph Sword Pour Garçon,15.000 TND
JEUX & JOUETS,Jeux de Plein Air,Jeux de Tir,Battle Blade Metal Triumph Sword Pour Garçon,15.000 TND
JEUX & JOUETS,Jeux de Plein Air,Jeux de Tir,Battle Blade Metal Spirit Guardian Pour Garçon,19.000 TND
JEUX & JOUETS,Jeux de Plein Air,Jeux de Tir,Battle Blade Metal Spirit Guardian Pour Garçon,59.000 TND
JEUX & JOUETS,Jeux de Plein Air,Jeux de Tir,Battle Blade Metal Devour Dragon Pour Garçon - Jaune,19.000 TND
JEUX & JOUETS,Jeux de Plein Air,Jeux de Tir,Battle Blade Metal Devour Dragon Pour Garçon - Jaune,59.000 TND
JEUX & JOUETS,Jeux de Plein Air,Jeux de Tir,Toupie Avec Accessoires En Blister Pour Enfants ,19.000 TND
JEUX & JOUETS,Jeux de Plein Air,Jeux de Tir,Toupie Avec Accessoires En Blister Pour Enfants ,19.000 TND
JEUX & JOUETS,Jeux de Plein Air,Jeux de Tir,Lanceur et Toupie CHO-Z Battle Set ,19.000 TND
JEUX & JOUETS,Jeux de Plein Air,Jeux de Tir,Lanceur et Toupie CHO-Z Battle Set ,19.000 TND
JEUX & JOUETS,Jeux de Plein Air,Jeux de Tir,Coffret Toupie avec Accessoires,25.000 TND
JEUX & JOUETS,Jeux de Plein Air,Jeux de Tir,Coffret Toupie avec Accessoires,25.000 TND
JEUX & JOUETS,Jeux de Plein Air,Lunettes De Natation Pour Enfants - Blanc,4.500 TND
JEUX & JOUETS,Jeux de Plein Air,Lunettes De Natation Pour Enfants - Blanc,5.500 TND
JEUX & JOUETS,Jeux de Plein Air,Paire De Brassards INTEX Pour Natation 58652,4.500 TND
JEUX & JOUETS,Jeux de Plein Air,Paire De Brassards INTEX Pour Natation 58652,5.500 TND
JEUX & JOUETS,Jeux de Plein Air,Bouée Imprimée INTEX 59241 61CM,5.500 TND
JEUX & JOUETS,Jeux de Plein Air,Bouée Imprimée INTEX 59241 61CM,7.900 TND
JEUX & JOUETS,Jeux de Plein Air,Gilet Gonflable Pour Enfants,5.500 TND
JEUX & JOUETS,Jeux de Plein Air,Gilet Gonflable Pour Enfants,7.900 TND
JEUX & JOUETS,Jeux de Plein Air,Bouée Imprimée INTEX 59230 51CM,5.500 TND
JEUX & JOUETS,Jeux de Plein Air,Bouée Imprimée INTEX 59230 51CM,6.500 TND
JEUX & JOUETS,Jeux de Plein Air,Accessoires De Plage Pour Enfant HC058A,5.500 TND
JEUX & JOUETS,Jeux de Plein Air,Accessoires De Plage Pour Enfant HC058A,6.500 TND
JEUX & JOUETS,Jeux de Plein Air,Accessoires De Plage Pour Enfant HC058B,5.900 TND
JEUX & JOUETS,Jeux de Plein Air,Accessoires De Plage Pour Enfant HC058B,7.900 TND
JEUX & JOUETS,Jeux de Plein Air,Lunettes De Natations Pour Enfants - Noir,5.900 TND
JEUX & JOUETS,Jeux de Plein Air,Lunettes De Natations Pour Enfants - Noir,7.900 TND
JEUX & JOUETS,Jeux de Plein Air,Lunettes De Natations Pour Enfants antibuée - Bleu,5.900 TND
JEUX & JOUETS,Jeux de Plein Air,Lunettes De Natations Pour Enfants antibuée - Bleu,9.000 TND
JEUX & JOUETS,Jeux de Plein Air,Paire De Brassards 3D Pour Natation BR70,5.900 TND
JEUX & JOUETS,Jeux de Plein Air,Paire De Brassards 3D Pour Natation BR70,9.000 TND
JEUX & JOUETS,Jeux de Plein Air,Jeux de Tir,Jouet Beyblade Battle Pour Filles & Garçons - Rouge (1853791LE),55.000 TND
JEUX & JOUETS,Jeux de Plein Air,Jeux de Tir,Jouet Beyblade Battle Pour Filles & Garçons - Rouge (1853791LE),95.000 TND
JEUX & JOUETS,Jeux de Plein Air,Jeux de Tir,Jeux De Fléchettes FLOCKED DART Game Double Face - Noir,55.000 TND
JEUX & JOUETS,Jeux de Plein Air,Jeux de Tir,Jeux De Fléchettes FLOCKED DART Game Double Face - Noir,95.000 TND
JEUX & JOUETS,Jeux de Plein Air,Jeux de Tir,Jeux De Fléchettes FLOCKED DART BOARD Double Face - Noir,59.000 TND
JEUX & JOUETS,Jeux de Plein Air,Jeux de Tir,Jeux De Fléchettes FLOCKED DART BOARD Double Face - Noir,59.000 TND
JEUX & JOUETS,Jeux de Plein Air,Gilet De Natation Gonflable Pour Petit Enfant 44 cm - Vert,7.500 TND
JEUX & JOUETS,Jeux de Plein Air,Gilet De Natation Gonflable Pour Petit Enfant 44 cm - Vert,8.000 TND
JEUX & JOUETS,Jeux de Plein Air,Gilet Gonflable Pour Enfants - 50 cm,7.500 TND
JEUX & JOUETS,Jeux de Plein Air,Gilet Gonflable Pour Enfants - 50 cm,8.000 TND
JEUX & JOUETS,Jeux de Plein Air,Set de 2 Toupie BATTLE BLADE Pour Garçon Avec Piste,8.500 TND
JEUX & JOUETS,Jeux de Plein Air,Set de 2 Toupie BATTLE BLADE Pour Garçon Avec Piste,9.900 TND
JEUX & JOUETS,Jeux de Plein Air,Ballon de Handball Design Numérique Pour Enfants,8.500 TND
JEUX & JOUETS,Jeux de Plein Air,Ballon de Handball Design Numérique Pour Enfants,9.900 TND
JEUX & JOUETS,Jeux de Plein Air,Bouée Imprimée INTEX 59258 76CM,9.000 TND
JEUX & JOUETS,Jeux de Plein Air,Bouée Imprimée INTEX 59258 76CM,35.000 TND
JEUX & JOUETS,Jeux de Plein Air,Bouée Colorée INTEX 59251 91CM,9.000 TND
JEUX & JOUETS,Jeux de Plein Air,Bouée Colorée INTEX 59251 91CM,35.000 TND
JEUX & JOUETS,Jeux de Plein Air,Matelas Uni INTEX 59703 183 x 69 cm ,12.000 TND
JEUX & JOUETS,Jeux de Plein Air,Matelas Uni INTEX 59703 183 x 69 cm ,25.000 TND
JEUX & JOUETS,Jeux de Plein Air,Bouée Gonflable INTEX Tête Animal Pour Enfant (58221),12.000 TND
JEUX & JOUETS,Jeux de Plein Air,Bouée Gonflable INTEX Tête Animal Pour Enfant (58221),25.000 TND
JEUX & JOUETS,Jeux de Plein Air,Toupie En Blister,12.500 TND
JEUX & JOUETS,Jeux de Plein Air,Toupie En Blister,13.900 TND
JEUX & JOUETS,Jeux de Plein Air,Battle Blade Metal Death Pour Garçon - Violet,12.500 TND
JEUX & JOUETS,Jeux de Plein Air,Battle Blade Metal Death Pour Garçon - Violet,13.900 TND
JEUX & JOUETS,Jeux de Plein Air,Jouet Beyblade Battle Pour Enfants - Vert,15.000 TND
JEUX & JOUETS,Jeux de Plein Air,Jouet Beyblade Battle Pour Enfants - Vert,15.000 TND
JEUX & JOUETS,Jeux de Plein Air,Protège Genoux - Bleu,15.000 TND
JEUX & JOUETS,Jeux de Plein Air,Protège Genoux - Bleu,39.000 TND
JEUX & JOUETS,Jeux de Plein Air,Protège Genoux - Rose,15.000 TND
JEUX & JOUETS,Jeux de Plein Air,Protège Genoux - Rose,39.000 TND
JEUX & JOUETS,Jeux de Plein Air,Jeux Bulles De Savon Pour Enfants - Blanc ,15.000 TND
JEUX & JOUETS,Jeux de Plein Air,Jeux Bulles De Savon Pour Enfants - Blanc ,39.000 TND
JEUX & JOUETS,Jeux de Plein Air,Jeux Bulles De Savon Pour Enfants - Bleu,15.000 TND
JEUX & JOUETS,Jeux de Plein Air,Jeux Bulles De Savon Pour Enfants - Bleu,39.000 TND
JEUX & JOUETS,Jeux de Plein Air,Jeux Bulles De Savon Pour Enfants - Jaune,15.000 TND
JEUX & JOUETS,Jeux de Plein Air,Jeux Bulles De Savon Pour Enfants - Jaune,15.000 TND
JEUX & JOUETS,Jeux de Plein Air,Ensemble De Mini Seaux Ronds PILSAN Pour château ,15.000 TND
JEUX & JOUETS,Jeux de Plein Air,Ensemble De Mini Seaux Ronds PILSAN Pour château ,15.000 TND
JEUX & JOUETS,Jeux de Plein Air,Battle Blade Metal Spirit Guardian Pour Garçon,15.000 TND
JEUX & JOUETS,Jeux de Plein Air,Battle Blade Metal Spirit Guardian Pour Garçon,15.000 TND
JEUX & JOUETS,Jeux de Plein Air,Battle Blade Metal Devour Dragon Pour Garçon - Jaune,15.900 TND
JEUX & JOUETS,Jeux de Plein Air,Battle Blade Metal Devour Dragon Pour Garçon - Jaune,17.000 TND
JEUX & JOUETS,Jeux de Plein Air,Battle Blade Metal Triumph Sword Pour Garçon,15.900 TND
JEUX & JOUETS,Jeux de Plein Air,Battle Blade Metal Triumph Sword Pour Garçon,17.000 TND
JEUX & JOUETS,Jeux de Plein Air,Panier Basket Magic Shoot - Assortis,19.000 TND
JEUX & JOUETS,Jeux de Plein Air,Panier Basket Magic Shoot - Assortis,19.000 TND
JEUX & JOUETS,Jeux de Plein Air,Cartoon Bubble Gun Toys - Orange,19.000 TND
JEUX & JOUETS,Jeux de Plein Air,Cartoon Bubble Gun Toys - Orange,19.000 TND
JEUX & JOUETS,Jeux de Plein Air,Seau Sweety Kale PILSAN 06019,19.900 TND
JEUX & JOUETS,Jeux de Plein Air,Seau Sweety Kale PILSAN 06019,25.000 TND
JEUX & JOUETS,Jeux de Plein Air,Ballon De Plage Pour Enfant,19.900 TND
JEUX & JOUETS,Jeux de Plein Air,Ballon De Plage Pour Enfant,25.000 TND
JEUX & JOUETS,Jeux de Plein Air,Ballon de Foot B0012 - Couleur Assortis ,21.900 TND
JEUX & JOUETS,Jeux de Plein Air,Ballon de Foot B0012 - Couleur Assortis ,25.000 TND
JEUX & JOUETS,Jeux de Plein Air,Seau à Sable Magique PILSAN 500gr 01020N,21.900 TND
JEUX & JOUETS,Jeux de Plein Air,Seau à Sable Magique PILSAN 500gr 01020N,25.000 TND
JEUX & JOUETS,Jeux de Plein Air,Ballon de Handball Design Alphabétique Pour Enfants,22.000 TND
JEUX & JOUETS,Jeux de Plein Air,Ballon de Handball Design Alphabétique Pour Enfants,22.000 TND
JEUX & JOUETS,Jeux de Plein Air,Toupie Avec Accessoires En Blister Pour Enfants ,25.000 TND
JEUX & JOUETS,Jeux de Plein Air,Toupie Avec Accessoires En Blister Pour Enfants ,25.000 TND
JEUX & JOUETS,Jeux de Plein Air,Bouée DONUTIS INTEX 56265 99 x 107 ,25.000 TND
JEUX & JOUETS,Jeux de Plein Air,Bouée DONUTIS INTEX 56265 99 x 107 ,25.000 TND
JEUX & JOUETS,Jeux de Plein Air,Flotteur Grenouille INTEX 56584 119 X 79 ,25.000 TND
JEUX & JOUETS,Jeux de Plein Air,Flotteur Grenouille INTEX 56584 119 X 79 ,25.000 TND
JEUX & JOUETS,Jeux de Plein Air,Piscine gonflable Pour Enfant INTEX 86 x 25 cm (57104NP),27.900 TND
JEUX & JOUETS,Jeux de Plein Air,Piscine gonflable Pour Enfant INTEX 86 x 25 cm (57104NP),27.900 TND
JEUX & JOUETS,Jeux de Plein Air,Chariot De Plage PILSAN Avec Accessoires 06127,27.900 TND
JEUX & JOUETS,Jeux de Plein Air,Chariot De Plage PILSAN Avec Accessoires 06127,39.000 TND
JEUX & JOUETS,Jeux de Plein Air,Balls PILSAN Pool Play 50 pièces,27.900 TND
JEUX & JOUETS,Jeux de Plein Air,Balls PILSAN Pool Play 50 pièces,39.000 TND
JEUX & JOUETS,Jeux de Plein Air,Coffret Toupie avec Accessoires,29.000 TND
JEUX & JOUETS,Jeux de Plein Air,Coffret Toupie avec Accessoires,29.000 TND
JEUX & JOUETS,Jeux de Plein Air,Trottinette Baby Pliante - Rose&Violet,29.000 TND
JEUX & JOUETS,Jeux de Plein Air,Trottinette Baby Pliante - Rose&Violet,59.000 TND
JEUX & JOUETS,Jeux de Plein Air,Trottinette Baby Pliante - Rouge&Bleu,29.000 TND
JEUX & JOUETS,Jeux de Plein Air,Trottinette Baby Pliante - Rouge&Bleu,59.000 TND
JEUX & JOUETS,Jeux de Plein Air,Lanceur et Toupie CHO-Z Battle Set ,29.000 TND
JEUX & JOUETS,Jeux de Plein Air,Lanceur et Toupie CHO-Z Battle Set ,29.000 TND
JEUX & JOUETS,Jeux de Plein Air,Jeu De Golf Pour Enfants - Assortis (905),29.000 TND
JEUX & JOUETS,Jeux de Plein Air,Jeu De Golf Pour Enfants - Assortis (905),29.000 TND
JEUX & JOUETS,Jeux de Plein Air,Bowling étoile PILSAN 06422P,29.000 TND
JEUX & JOUETS,Jeux de Plein Air,Bowling étoile PILSAN 06422P,79.000 TND
JEUX & JOUETS,Jeux de Plein Air,Jeu De Basket Ball Pour Enfants - Assortis (7144),29.000 TND
JEUX & JOUETS,Jeux de Plein Air,Jeu De Basket Ball Pour Enfants - Assortis (7144),79.000 TND
JEUX & JOUETS,Jeux de Plein Air,Jeu De Golf Pour Enfants - Assortis (905),29.000 TND
JEUX & JOUETS,Jeux de Plein Air,Jeu De Golf Pour Enfants - Assortis (905),29.000 TND
JEUX & JOUETS,Jeux de Plein Air,Jeu De Basket Ball Pour Enfants - Assortis (7144),29.000 TND
JEUX & JOUETS,Jeux de Plein Air,Jeu De Basket Ball Pour Enfants - Assortis (7144),29.000 TND
JEUX & JOUETS,Jeux de Plein Air,Trottinette Baby Pliante - Bleu&Jaune,29.000 TND
JEUX & JOUETS,Jeux de Plein Air,Trottinette Baby Pliante - Bleu&Jaune,29.000 TND
JEUX & JOUETS,Jeux de Plein Air,Set De Musculation - Rouge (4844-4),29.900 TND
JEUX & JOUETS,Jeux de Plein Air,Set De Musculation - Rouge (4844-4),29.900 TND
JEUX & JOUETS,Jeux de Plein Air,Set De Jouet De Plage Pour Enfants - Multicouleurs,29.900 TND
JEUX & JOUETS,Jeux de Plein Air,Set De Jouet De Plage Pour Enfants - Multicouleurs,35.000 TND
JEUX & JOUETS,Jeux de Plein Air,Flotteur Dauphin INTEX 58535 175 X 66 ,29.900 TND
JEUX & JOUETS,Jeux de Plein Air,Flotteur Dauphin INTEX 58535 175 X 66 ,35.000 TND
JEUX & JOUETS,Jeux de Plein Air,Flotteur Requin Géant INTEX 58535 173 X 107 ,31.900 TND
JEUX & JOUETS,Jeux de Plein Air,Flotteur Requin Géant INTEX 58535 173 X 107 ,35.000 TND
JEUX & JOUETS,Jeux de Plein Air,Ensemble De Rames INTEX 122 cm,31.900 TND
JEUX & JOUETS,Jeux de Plein Air,Ensemble De Rames INTEX 122 cm,35.000 TND
JEUX & JOUETS,Jeux de Plein Air,Mini Trottinette - Rouge&Bleu,32.900 TND
JEUX & JOUETS,Jeux de Plein Air,Mini Trottinette - Rouge&Bleu,39.000 TND
JEUX & JOUETS,Jeux de Plein Air,Ensemble Masque de Bain INTEX Aventurier et Tuba Pour Enfant - Bleu (55942),32.900 TND
JEUX & JOUETS,Jeux de Plein Air,Ensemble Masque de Bain INTEX Aventurier et Tuba Pour Enfant - Bleu (55942),39.000 TND
JEUX & JOUETS,Jeux de Plein Air,Ensemble Masque INTEX Grenouille et Tuba Pour Enfant - Vert (55940),37.900 TND
JEUX & JOUETS,Jeux de Plein Air,Ensemble Masque INTEX Grenouille et Tuba Pour Enfant - Vert (55940),39.000 TND
JEUX & JOUETS,Jeux de Plein Air,Bouée Siège Gonflable couvert Pour Bébé INTEX - Jaune,37.900 TND
JEUX & JOUETS,Jeux de Plein Air,Bouée Siège Gonflable couvert Pour Bébé INTEX - Jaune,39.000 TND
JEUX & JOUETS,Jeux de Plein Air,Skateboard Pour Enfants ,39.000 TND
JEUX & JOUETS,Jeux de Plein Air,Skateboard Pour Enfants ,39.000 TND
JEUX & JOUETS,Jeux de Plein Air,Panier Basket PILSAN Mural,39.000 TND
JEUX & JOUETS,Jeux de Plein Air,Panier Basket PILSAN Mural,39.000 TND
JEUX & JOUETS,Jeux de Plein Air,Filet De Football Pour Enfants (DQ61),39.000 TND
JEUX & JOUETS,Jeux de Plein Air,Filet De Football Pour Enfants (DQ61),39.000 TND
JEUX & JOUETS,Jeux de Plein Air,Tortue de Mer INTEX Gonflable - Vert ( 57524),39.000 TND
JEUX & JOUETS,Jeux de Plein Air,Tortue de Mer INTEX Gonflable - Vert ( 57524),69.000 TND
JEUX & JOUETS,Jeux de Plein Air,Bouée Gonflable Ananas 120 cm - Jaune & vert,39.000 TND
JEUX & JOUETS,Jeux de Plein Air,Bouée Gonflable Ananas 120 cm - Jaune & vert,69.000 TND
JEUX & JOUETS,Jeux de Plein Air,Flotteur gonflable pour bébé INTEX Swim Float,39.000 TND
JEUX & JOUETS,Jeux de Plein Air,Flotteur gonflable pour bébé INTEX Swim Float,45.000 TND
JEUX & JOUETS,Jeux de Plein Air,Tapis de Jeu rembourré pour Enfants Double face Multicolore,39.000 TND
JEUX & JOUETS,Jeux de Plein Air,Tapis de Jeu rembourré pour Enfants Double face Multicolore,45.000 TND
JEUX & JOUETS,Jeux de Plein Air,Set Boxing Pour Enfant - Rouge,43.900 TND
JEUX & JOUETS,Jeux de Plein Air,Set Boxing Pour Enfant - Rouge,45.000 TND
JEUX & JOUETS,Jeux de Plein Air,Chariot De Plage à Godets PILSAN 06173,49.000 TND
JEUX & JOUETS,Jeux de Plein Air,Chariot De Plage à Godets PILSAN 06173,49.000 TND
JEUX & JOUETS,Jeux de Plein Air,Matelas De Natation Gonflable INTEX À Rouler - Rose,52.900 TND
JEUX & JOUETS,Jeux de Plein Air,Matelas De Natation Gonflable INTEX À Rouler - Rose,55.000 TND
JEUX & JOUETS,Jeux de Plein Air,Matelas De Natation Gonflable INTEX À Rouler - Orange,52.900 TND
JEUX & JOUETS,Jeux de Plein Air,Matelas De Natation Gonflable INTEX À Rouler - Orange,55.000 TND
JEUX & JOUETS,Jeux de Plein Air,Jouet Beyblade Battle Pour Filles & Garçons - Rouge (1853791LE),52.900 TND
JEUX & JOUETS,Jeux de Plein Air,Jouet Beyblade Battle Pour Filles & Garçons - Rouge (1853791LE),55.000 TND
JEUX & JOUETS,Jeux de Plein Air,Goal De Foot En Coffret(YF368A),52.900 TND
JEUX & JOUETS,Jeux de Plein Air,Goal De Foot En Coffret(YF368A),55.000 TND
JEUX & JOUETS,Jeux de Plein Air,Chaise Longue Gonflable INTEX Ice Cream - Rouge&Vert (58751),55.000 TND
JEUX & JOUETS,Jeux de Plein Air,Chaise Longue Gonflable INTEX Ice Cream - Rouge&Vert (58751),95.000 TND
JEUX & JOUETS,Jeux de Plein Air,Coffret Bowling HT2130 - Assortis,55.000 TND
JEUX & JOUETS,Jeux de Plein Air,Coffret Bowling HT2130 - Assortis,95.000 TND
JEUX & JOUETS,Jeux de Plein Air,Piscine gonflable INTEX Pour bébé Champignons 102X89 cm (57114NP),55.000 TND
JEUX & JOUETS,Jeux de Plein Air,Piscine gonflable INTEX Pour bébé Champignons 102X89 cm (57114NP),55.000 TND
JEUX & JOUETS,Jeux de Plein Air,Jeux De Fléchettes FLOCKED DART Game Double Face - Noir,55.000 TND
JEUX & JOUETS,Jeux de Plein Air,Jeux De Fléchettes FLOCKED DART Game Double Face - Noir,55.000 TND
JEUX & JOUETS,Jeux de Plein Air,Set Boxing Pour Enfant - Rouge&Noir,55.000 TND
JEUX & JOUETS,Jeux de Plein Air,Set Boxing Pour Enfant - Rouge&Noir,55.000 TND
JEUX & JOUETS,Jeux de Plein Air,Jeux De Fléchettes FLOCKED DART Game Double Face - Noir,59.000 TND
JEUX & JOUETS,Jeux de Plein Air,Jeux De Fléchettes FLOCKED DART Game Double Face - Noir,59.000 TND
JEUX & JOUETS,Jeux de Plein Air,Toboggan Pour Enfant - Bleu,59.000 TND
JEUX & JOUETS,Jeux de Plein Air,Toboggan Pour Enfant - Bleu,79.000 TND
JEUX & JOUETS,Jeux de Plein Air,Panneau De Basket En Coffret Pour Enfants (P859),59.000 TND
JEUX & JOUETS,Jeux de Plein Air,Panneau De Basket En Coffret Pour Enfants (P859),79.000 TND
JEUX & JOUETS,Jeux de Plein Air,Ensemble De Basket-ball & Football PILSAN Magic - Bleu,75.000 TND
JEUX & JOUETS,Jeux de Plein Air,Ensemble De Basket-ball & Football PILSAN Magic - Bleu,75.000 TND
JEUX & JOUETS,Jeux de Plein Air,Jeux De Fléchettes FLOCKED DART BOARD Double Face - Noir,79.000 TND
JEUX & JOUETS,Jeux de Plein Air,Jeux De Fléchettes FLOCKED DART BOARD Double Face - Noir,99.000 TND
JEUX & JOUETS,Jeux de Plein Air,Escalier TRAMPOLINE GARLANDO TRO-34,79.000 TND
JEUX & JOUETS,Jeux de Plein Air,Escalier TRAMPOLINE GARLANDO TRO-34,99.000 TND
JEUX & JOUETS,Jeux de Plein Air,Flamant INTEX Conflable 142 cm - Rose (57558),79.000 TND
JEUX & JOUETS,Jeux de Plein Air,Flamant INTEX Conflable 142 cm - Rose (57558),79.000 TND
JEUX & JOUETS,Jeux de Plein Air,Goal De Foot En Coffret Pour Enfants (YF368D),79.000 TND
JEUX & JOUETS,Jeux de Plein Air,Goal De Foot En Coffret Pour Enfants (YF368D),79.000 TND
JEUX & JOUETS,Jeux de Plein Air,Champion de football PILSAN 03371- Bleu ,85.000 TND
JEUX & JOUETS,Jeux de Plein Air,Champion de football PILSAN 03371- Bleu ,85.000 TND
JEUX & JOUETS,Jeux de Plein Air,Bouée Gonflable Flamingo Pool 80,95.000 TND
JEUX & JOUETS,Jeux de Plein Air,Bouée Gonflable Flamingo Pool 80,135.000 TND
JEUX & JOUETS,Jeux de Plein Air,Patins à Roulettes Alignées pour Enfants - Rouge,105.000 TND
JEUX & JOUETS,Jeux de Plein Air,Patins à Roulettes Alignées pour Enfants - Rouge,105.000 TND
JEUX & JOUETS,Jeux de Plein Air,Patins à Roulettes Alignées pour Enfants - Noir,105.000 TND
JEUX & JOUETS,Jeux de Plein Air,Patins à Roulettes Alignées pour Enfants - Noir,105.000 TND
JEUX & JOUETS,Jeux de Plein Air,Balançoire Suspendue PILSAN - Rose & Violet (06199),105.000 TND
JEUX & JOUETS,Jeux de Plein Air,Balançoire Suspendue PILSAN - Rose & Violet (06199),105.000 TND
JEUX & JOUETS,Jeux de Plein Air,Piscine gonflable Pour enfant INTEX Arc en Ciel (57156NP),105.000 TND
JEUX & JOUETS,Jeux de Plein Air,Piscine gonflable Pour enfant INTEX Arc en Ciel (57156NP),105.000 TND
JEUX & JOUETS,Jeux de Plein Air,Trottinettes Pour Enfants - Rouge (T558),109.000 TND
JEUX & JOUETS,Jeux de Plein Air,Trottinettes Pour Enfants - Rouge (T558),109.000 TND
JEUX & JOUETS,Jeux de Plein Air,Trottinettes Pour Enfants - Noir (T558-NOIR),109.000 TND
JEUX & JOUETS,Jeux de Plein Air,Trottinettes Pour Enfants - Noir (T558-NOIR),109.000 TND
JEUX & JOUETS,Jeux de Plein Air,Trottinette Pour Enfants Avec Trois Roues - Bleu,115.000 TND
JEUX & JOUETS,Jeux de Plein Air,Trottinette Pour Enfants Avec Trois Roues - Bleu,115.000 TND
JEUX & JOUETS,Jeux de Plein Air,Trottinette Pour Enfants Avec Trois Roues - Rose,115.000 TND
JEUX & JOUETS,Jeux de Plein Air,Trottinette Pour Enfants Avec Trois Roues - Rose,115.000 TND
JEUX & JOUETS,Jeux de Plein Air,Trottinette Pour Enfants Avec Trois Roues - Jaune,115.000 TND
JEUX & JOUETS,Jeux de Plein Air,Trottinette Pour Enfants Avec Trois Roues - Jaune,115.000 TND
JEUX & JOUETS,Jeux de Plein Air,Balls PILSAN Pool Avec 500 jeux,119.000 TND
JEUX & JOUETS,Jeux de Plein Air,Balls PILSAN Pool Avec 500 jeux,119.000 TND
JEUX & JOUETS,Jeux de Plein Air,Trottinettes Pour Enfants - Noir (8182-NOIR),125.000 TND
JEUX & JOUETS,Jeux de Plein Air,Trottinettes Pour Enfants - Noir (8182-NOIR),125.000 TND
JEUX & JOUETS,Jeux de Plein Air,Magique Basketball PILSAN Set 03394,125.000 TND
JEUX & JOUETS,Jeux de Plein Air,Magique Basketball PILSAN Set 03394,125.000 TND
JEUX & JOUETS,Jeux de Plein Air,Trottinettes Pour Enfants - Rouge (8182),125.000 TND
JEUX & JOUETS,Jeux de Plein Air,Trottinettes Pour Enfants - Rouge (8182),125.000 TND
JEUX & JOUETS,Jeux de Plein Air,Trottinettes Pour Enfants - Bleu (8182-BLEU),125.000 TND
JEUX & JOUETS,Jeux de Plein Air,Trottinettes Pour Enfants - Bleu (8182-BLEU),125.000 TND
JEUX & JOUETS,Jeux de Plein Air,Balançoire PILSAN Big Swing 2 En 1 - Rouge,129.000 TND
JEUX & JOUETS,Jeux de Plein Air,Balançoire PILSAN Big Swing 2 En 1 - Rouge,229.000 TND
JEUX & JOUETS,Jeux de Plein Air,Balançoire PILSAN Big Swing 2 En 1 - Bleu,129.000 TND
JEUX & JOUETS,Jeux de Plein Air,Balançoire PILSAN Big Swing 2 En 1 - Bleu,229.000 TND
JEUX & JOUETS,Jeux de Plein Air,Toboggan PILSAN Bingo Pour Enfant,129.000 TND
JEUX & JOUETS,Jeux de Plein Air,Toboggan PILSAN Bingo Pour Enfant,229.000 TND
JEUX & JOUETS,Jeux de Plein Air,Trottinette L1688 Pour Enfants Avec Trois Roues - Rouge,129.000 TND
JEUX & JOUETS,Jeux de Plein Air,Trottinette L1688 Pour Enfants Avec Trois Roues - Rouge,229.000 TND
JEUX & JOUETS,Jeux de Plein Air,Trottinette L1688 Pour Enfants Avec Trois Roues - Bleu,135.000 TND
JEUX & JOUETS,Jeux de Plein Air,Trottinette L1688 Pour Enfants Avec Trois Roues - Bleu,145.000 TND
JEUX & JOUETS,Jeux de Plein Air,Super Basketball PILSAN Set 03398,135.000 TND
JEUX & JOUETS,Jeux de Plein Air,Super Basketball PILSAN Set 03398,145.000 TND
JEUX & JOUETS,Jeux de Plein Air,Trottinette XJ961S Pour Enfants Avec Trois Roues - Bleu,139.000 TND
JEUX & JOUETS,Jeux de Plein Air,Trottinette XJ961S Pour Enfants Avec Trois Roues - Bleu,139.000 TND
JEUX & JOUETS,Jeux de Plein Air,Trottinette XJ961S Pour Enfants Avec Trois Roues - Rose,139.000 TND
JEUX & JOUETS,Jeux de Plein Air,Trottinette XJ961S Pour Enfants Avec Trois Roues - Rose,139.000 TND
JEUX & JOUETS,Jeux de Plein Air,Trottinette XJ961S Pour Enfants Avec Trois Roues - Rouge,139.000 TND
JEUX & JOUETS,Jeux de Plein Air,Trottinette XJ961S Pour Enfants Avec Trois Roues - Rouge,139.000 TND
JEUX & JOUETS,Jeux de Plein Air,Trottinette Musicale Ferrari Avec Roues Lumineuse - Rouge,139.000 TND
JEUX & JOUETS,Jeux de Plein Air,Trottinette Musicale Ferrari Avec Roues Lumineuse - Rouge,139.000 TND
JEUX & JOUETS,Jeux de Plein Air,Trottinettes Pour Enfants - Blanc (Q806),145.000 TND
JEUX & JOUETS,Jeux de Plein Air,Trottinettes Pour Enfants - Blanc (Q806),145.000 TND
JEUX & JOUETS,Jeux de Plein Air,Trottinettes Pour Enfants - Bleu (Q806-BLEU),145.000 TND
JEUX & JOUETS,Jeux de Plein Air,Trottinettes Pour Enfants - Bleu (Q806-BLEU),145.000 TND
JEUX & JOUETS,Jeux de Plein Air,Piscine Fontaine Gonflable Licorne INTEX (57441NP),145.000 TND
JEUX & JOUETS,Jeux de Plein Air,Piscine Fontaine Gonflable Licorne INTEX (57441NP),169.000 TND
JEUX & JOUETS,Jeux de Plein Air,Trottinettes Pour Enfants - Jaune (Q806-JAUNE),145.000 TND
JEUX & JOUETS,Jeux de Plein Air,Trottinettes Pour Enfants - Jaune (Q806-JAUNE),169.000 TND
JEUX & JOUETS,Jeux de Plein Air,Trottinettes Pour Enfants - Orange (Q806-ORANGE),145.000 TND
JEUX & JOUETS,Jeux de Plein Air,Trottinettes Pour Enfants - Orange (Q806-ORANGE),145.000 TND
JEUX & JOUETS,Jeux de Plein Air,Trottinette Pliable 21ST Scooter Pour Enfants Avec Trois Roues - Rouge,145.000 TND
JEUX & JOUETS,Jeux de Plein Air,Trottinette Pliable 21ST Scooter Pour Enfants Avec Trois Roues - Rouge,145.000 TND
JEUX & JOUETS,Jeux de Plein Air,Trottinette Pliable 21ST Scooter Pour Enfants Avec Trois Roues - Noir,149.000 TND
JEUX & JOUETS,Jeux de Plein Air,Trottinette Pliable 21ST Scooter Pour Enfants Avec Trois Roues - Noir,149.000 TND
JEUX & JOUETS,Jeux de Plein Air,Trampoline Indoor GARLANDO TRI-10 0.97 m - Noir&Bleu,149.000 TND
JEUX & JOUETS,Jeux de Plein Air,Trampoline Indoor GARLANDO TRI-10 0.97 m - Noir&Bleu,149.000 TND
JEUX & JOUETS,Jeux de Plein Air,Piscine A Balles PILSAN Pliable 200 pièces 6 CM Balles,159.000 TND
JEUX & JOUETS,Jeux de Plein Air,Piscine A Balles PILSAN Pliable 200 pièces 6 CM Balles,179.000 TND
JEUX & JOUETS,Jeux de Plein Air,Tapis d'ailes d'ange INTEX avec poignées - Bleu (58786),159.000 TND
JEUX & JOUETS,Jeux de Plein Air,Tapis d'ailes d'ange INTEX avec poignées - Bleu (58786),179.000 TND
JEUX & JOUETS,Jeux de Plein Air,Panneau De Basket Professionnel PILSAN Pour Enfants Avec Planche - Blanc&Rouge,159.000 TND
JEUX & JOUETS,Jeux de Plein Air,Panneau De Basket Professionnel PILSAN Pour Enfants Avec Planche - Blanc&Rouge,179.000 TND
JEUX & JOUETS,Jeux de Plein Air,Goal Classic GARLANDO (POR-11),159.000 TND
JEUX & JOUETS,Jeux de Plein Air,Goal Classic GARLANDO (POR-11),179.000 TND
JEUX & JOUETS,Jeux de Plein Air,Trottinette Pour Enfants Avec Roues Lumière - Rouge,169.000 TND
JEUX & JOUETS,Jeux de Plein Air,Trottinette Pour Enfants Avec Roues Lumière - Rouge,189.000 TND
JEUX & JOUETS,Jeux de Plein Air,Trottinette Scooter Pour Adulte - Bleu,169.000 TND
JEUX & JOUETS,Jeux de Plein Air,Trottinette Scooter Pour Adulte - Bleu,189.000 TND
JEUX & JOUETS,Jeux de Plein Air,Matelas Gonflable INTEX Angel - Bleu (58786EU),175.000 TND
JEUX & JOUETS,Jeux de Plein Air,Matelas Gonflable INTEX Angel - Bleu (58786EU),175.000 TND
JEUX & JOUETS,Jeux de Plein Air,Trampoline Indoor GARLANDO TRI-11 1.22 m - Noir&Bleu,179.000 TND
JEUX & JOUETS,Jeux de Plein Air,Trampoline Indoor GARLANDO TRI-11 1.22 m - Noir&Bleu,179.000 TND
JEUX & JOUETS,Jeux de Plein Air,Panneaux de Basket ZIMOTA GM FIXE BB017,199.000 TND
JEUX & JOUETS,Jeux de Plein Air,Panneaux de Basket ZIMOTA GM FIXE BB017,199.000 TND
JEUX & JOUETS,Jeux de Plein Air,Trottinette Pour Enfants Avec Trois Roues - Jaune & Bleu,219.000 TND
JEUX & JOUETS,Jeux de Plein Air,Trottinette Pour Enfants Avec Trois Roues - Jaune & Bleu,219.000 TND
JEUX & JOUETS,Jeux de Plein Air,Trottinette Pour Enfants Avec Trois Roues - Jaune & Rose,219.000 TND
JEUX & JOUETS,Jeux de Plein Air,Trottinette Pour Enfants Avec Trois Roues - Jaune & Rose,219.000 TND
JEUX & JOUETS,Jeux de Plein Air,Miniature Football Goal PILSAN 03397P,219.000 TND
JEUX & JOUETS,Jeux de Plein Air,Miniature Football Goal PILSAN 03397P,219.000 TND
JEUX & JOUETS,Jeux de Plein Air,Aire De Jeux Gonflable INTEX Alligator,235.000 TND
JEUX & JOUETS,Jeux de Plein Air,Aire De Jeux Gonflable INTEX Alligator,235.000 TND
JEUX & JOUETS,Jeux de Plein Air,Trottinette Pour Enfants Avec Design Goal - Noir,259.000 TND
JEUX & JOUETS,Jeux de Plein Air,Trottinette Pour Enfants Avec Design Goal - Noir,259.000 TND
JEUX & JOUETS,Jeux de Plein Air,Trottinette Scooter Pour enfants - Rouge,259.000 TND
JEUX & JOUETS,Jeux de Plein Air,Trottinette Scooter Pour enfants - Rouge,259.000 TND
JEUX & JOUETS,Jeux de Plein Air, Panneau de basket Zimota Complet BB001,289.000 TND
JEUX & JOUETS,Jeux de Plein Air, Panneau de basket Zimota Complet BB001,289.000 TND
JEUX & JOUETS,Jeux de Plein Air,Panneau de basket GARLANDO EL PASO BA-21,289.000 TND
JEUX & JOUETS,Jeux de Plein Air,Panneau de basket GARLANDO EL PASO BA-21,289.000 TND
JEUX & JOUETS,Jeux de Plein Air,Piscine Family Lounge INTEX - Bleu&Blanc,289.000 TND
JEUX & JOUETS,Jeux de Plein Air,Piscine Family Lounge INTEX - Bleu&Blanc,289.000 TND
JEUX & JOUETS,Jeux de Plein Air,Set De Basketball Professionnel PILSAN 03391,295.000 TND
JEUX & JOUETS,Jeux de Plein Air,Set De Basketball Professionnel PILSAN 03391,295.000 TND
JEUX & JOUETS,Jeux de Plein Air,Clôture Pratique En Plastique PILSAN Pour Enfants (06192) ,319.000 TND
JEUX & JOUETS,Jeux de Plein Air,Clôture Pratique En Plastique PILSAN Pour Enfants (06192) ,435.000 TND
JEUX & JOUETS,Jeux de Plein Air,Drôle De Balançoire PILSAN 06146 ,319.000 TND
JEUX & JOUETS,Jeux de Plein Air,Drôle De Balançoire PILSAN 06146 ,435.000 TND
JEUX & JOUETS,Jeux de Plein Air,jeux Basket Ball Electronique ZIMOTA,335.000 TND
JEUX & JOUETS,Jeux de Plein Air,jeux Basket Ball Electronique ZIMOTA,399.000 TND
JEUX & JOUETS,Jeux de Plein Air,Piscine Gonflable INTEX Easy Set 2,44 Ø x 0,61m H - Bleu,335.000 TND
JEUX & JOUETS,Jeux de Plein Air,Piscine Gonflable INTEX Easy Set 2,44 Ø x 0,61m H - Bleu,399.000 TND
JEUX & JOUETS,Jeux de Plein Air,Maison Happy House PILSAN Pour Enfant ,345.000 TND
JEUX & JOUETS,Jeux de Plein Air,Maison Happy House PILSAN Pour Enfant ,345.000 TND
JEUX & JOUETS,Jeux de Plein Air,Aire de jeux gonflable INTEX Royaume des bonbons ,349.000 TND
JEUX & JOUETS,Jeux de Plein Air,Aire de jeux gonflable INTEX Royaume des bonbons ,349.000 TND
JEUX & JOUETS,Jeux de Plein Air,Aire De Jeux Gonflable INTEX Mon Jardin,399.000 TND
JEUX & JOUETS,Jeux de Plein Air,Aire De Jeux Gonflable INTEX Mon Jardin,455.000 TND
JEUX & JOUETS,Jeux de Plein Air,Piscine Gonflable INTEX Easy Set 3,05 Ø x 0,61m H - Bleu ,399.000 TND
JEUX & JOUETS,Jeux de Plein Air,Piscine Gonflable INTEX Easy Set 3,05 Ø x 0,61m H - Bleu ,455.000 TND
JEUX & JOUETS,Jeux de Plein Air,Trampoline RODEO 6FT Avec Échelle - Noir&Bleu,399.000 TND
JEUX & JOUETS,Jeux de Plein Air,Trampoline RODEO 6FT Avec Échelle - Noir&Bleu,399.000 TND
JEUX & JOUETS,Jeux de Plein Air,Trampoline HAMMER Hexagonal Pro Avec Bras ,489.000 TND
JEUX & JOUETS,Jeux de Plein Air,Trampoline HAMMER Hexagonal Pro Avec Bras ,489.000 TND
JEUX & JOUETS,Jeux de Plein Air,Maison Magic House PILSAN Pour Enfant ,499.000 TND
JEUX & JOUETS,Jeux de Plein Air,Maison Magic House PILSAN Pour Enfant ,539.000 TND
JEUX & JOUETS,Jeux de Plein Air,Maison De Fraise PILSAN 06158,499.000 TND
JEUX & JOUETS,Jeux de Plein Air,Maison De Fraise PILSAN 06158,539.000 TND
JEUX & JOUETS,Jeux de Plein Air,Trampoline RODEO 8FT Avec Échelle - Noir&Bleu,509.000 TND
JEUX & JOUETS,Jeux de Plein Air,Trampoline RODEO 8FT Avec Échelle - Noir&Bleu,645.000 TND
JEUX & JOUETS,Jeux de Plein Air,Filet De Protection Pour TRAMPOLINE GARLANDO XXL" (TRO-25)",509.000 TND
JEUX & JOUETS,Jeux de Plein Air,Filet De Protection Pour TRAMPOLINE GARLANDO XXL" (TRO-25)",645.000 TND
JEUX & JOUETS,Jeux de Plein Air,Complexe De Jeu PILSAN Eléphant Slide 06160,579.000 TND
JEUX & JOUETS,Jeux de Plein Air,Complexe De Jeu PILSAN Eléphant Slide 06160,659.000 TND
JEUX & JOUETS,Jeux de Plein Air,Toboggan PILSAN Le Grand Dino Pour Enfant,579.000 TND
JEUX & JOUETS,Jeux de Plein Air,Toboggan PILSAN Le Grand Dino Pour Enfant,659.000 TND
JEUX & JOUETS,Jeux de Plein Air,Panneau de Basket GARLANDO San Diego BA-24,649.000 TND
JEUX & JOUETS,Jeux de Plein Air,Panneau de Basket GARLANDO San Diego BA-24,649.000 TND
JEUX & JOUETS,Jeux de Plein Air,Panneau de basket GARLANDO San Josè Garlando BA-23,689.000 TND
JEUX & JOUETS,Jeux de Plein Air,Panneau de basket GARLANDO San Josè Garlando BA-23,749.000 TND
JEUX & JOUETS,Jeux de Plein Air,Maison Magic House Double PILSAN Pour Enfant ,689.000 TND
JEUX & JOUETS,Jeux de Plein Air,Maison Magic House Double PILSAN Pour Enfant ,749.000 TND
JEUX & JOUETS,Jeux de Plein Air,Piscine Tubulaire INTEX Metal Frame Ronde 3,05 x 0,76m H,789.000 TND
JEUX & JOUETS,Jeux de Plein Air,Piscine Tubulaire INTEX Metal Frame Ronde 3,05 x 0,76m H,845.000 TND
JEUX & JOUETS,Jeux de Plein Air,Tunnel Caterpillar PILSAN Pour Enfant,789.000 TND
JEUX & JOUETS,Jeux de Plein Air,Tunnel Caterpillar PILSAN Pour Enfant,845.000 TND
JEUX & JOUETS,Jeux de Plein Air,Maison PILSAN Avec Toboggan (06432),795.000 TND
JEUX & JOUETS,Jeux de Plein Air,Maison PILSAN Avec Toboggan (06432),895.000 TND
JEUX & JOUETS,Jeux de Plein Air,Piscine Tubulaire INTEX Prism Frame ronde 3.66 x 0.76 m,795.000 TND
JEUX & JOUETS,Jeux de Plein Air,Piscine Tubulaire INTEX Prism Frame ronde 3.66 x 0.76 m,895.000 TND
JEUX & JOUETS,Jeux de Plein Air,Maison Princes Castle PILSAN du jardin,829.000 TND
JEUX & JOUETS,Jeux de Plein Air,Maison Princes Castle PILSAN du jardin,829.000 TND
JEUX & JOUETS,Jeux de Plein Air,Trampoline Outdoor XL GARLANDO TRO-13 366 cm,899.000 TND
JEUX & JOUETS,Jeux de Plein Air,Trampoline Outdoor XL GARLANDO TRO-13 366 cm,949.000 TND
JEUX & JOUETS,Jeux de Plein Air,Toboggan PILSAN Avec Panier Et Balançoire Ondulée Pour Enfants,899.000 TND
JEUX & JOUETS,Jeux de Plein Air,Toboggan PILSAN Avec Panier Et Balançoire Ondulée Pour Enfants,949.000 TND
JEUX & JOUETS,Jeux de Plein Air,Château Gonflable HAPPY AIR 9514,939.000 TND
JEUX & JOUETS,Jeux de Plein Air,Château Gonflable HAPPY AIR 9514,969.000 TND
JEUX & JOUETS,Jeux de Plein Air,Maison My House PILSAN Pour Enfant ,939.000 TND
JEUX & JOUETS,Jeux de Plein Air,Maison My House PILSAN Pour Enfant ,969.000 TND
JEUX & JOUETS,Jeux de Plein Air,Trampoline Outdoor XXL GARLANDO TRO-15 423 cm,1 019.000 TND
JEUX & JOUETS,Jeux de Plein Air,Trampoline Outdoor XXL GARLANDO TRO-15 423 cm,1 019.000 TND
JEUX & JOUETS,Jeux de Plein Air,Maison Binaire Avec Toboggan PILSAN Double (06433),1 299.000 TND
JEUX & JOUETS,Jeux de Plein Air,Maison Binaire Avec Toboggan PILSAN Double (06433),1 399.000 TND
JEUX & JOUETS,Jeux de Plein Air,Toboggan château PILSAN Du Jardin,1 299.000 TND
JEUX & JOUETS,Jeux de Plein Air,Toboggan château PILSAN Du Jardin,1 399.000 TND
JEUX & JOUETS,Jeux de Plein Air,Piscine Tubulaire INTEX Prism Frame Ronde 3,66 Ø x 0,99m H - Gris,1 335.000 TND
JEUX & JOUETS,Jeux de Plein Air,Piscine Tubulaire INTEX Prism Frame Ronde 3,66 Ø x 0,99m H - Gris,1 435.000 TND
